timestamp,park,ride,wait_time,is_open
2026-07-27 00:15:03,Islands of Adventure,Camp Jurassic™,0,False
2026-07-27 00:15:03,Islands of Adventure,Jurassic Park Discovery Center™,0,False
2026-07-27 00:15:03,Islands of Adventure,Jurassic Park River Adventure,0,False
2026-07-27 00:15:03,Islands of Adventure,Jurassic World VelociCoaster,60,True
2026-07-27 00:15:03,Islands of Adventure,Pteranodon Flyers,35,True
2026-07-27 00:15:03,Islands of Adventure,Skull Island: Reign of Kong™,10,True
2026-07-27 00:15:03,Islands of Adventure,Doctor Doom's Fearfall®,25,True
2026-07-27 00:15:03,Islands of Adventure,Doctor Doom's Fearfall® Single Rider,0,True
2026-07-27 00:15:03,Islands of Adventure,Storm Force Accelatron®,0,False
2026-07-27 00:15:03,Islands of Adventure,The Amazing Adventures of Spider-Man®,20,True
2026-07-27 00:15:03,Islands of Adventure,The Incredible Hulk Coaster®,45,True
2026-07-27 00:15:03,Islands of Adventure,The Incredible Hulk Coaster® Single Rider,0,True
2026-07-27 00:15:03,Islands of Adventure,Caro-Seuss-el™,10,True
2026-07-27 00:15:03,Islands of Adventure,If I Ran The Zoo™,0,False
2026-07-27 00:15:03,Islands of Adventure,"One Fish, Two Fish, Red Fish, Blue Fish™",5,True
2026-07-27 00:15:03,Islands of Adventure,The Cat in The Hat™,5,True
2026-07-27 00:15:03,Islands of Adventure,The High in the Sky Seuss Trolley Train Ride!™,15,True
2026-07-27 00:15:03,Islands of Adventure,Flight of the Hippogriff™,45,True
2026-07-27 00:15:03,Islands of Adventure,Hagrid's Magical Creatures Motorbike Adventure™,75,True
2026-07-27 00:15:03,Islands of Adventure,Hagrid's Magical Creatures Motorbike Adventure™ Single Rider,0,True
2026-07-27 00:15:03,Islands of Adventure,Harry Potter and the Forbidden Journey™,10,True
2026-07-27 00:15:03,Islands of Adventure,Harry Potter and the Forbidden Journey™ Single Rider,0,True
2026-07-27 00:15:03,Islands of Adventure,Hogwarts Express™ - Hogsmeade™ Station,10,True
2026-07-27 00:15:03,Islands of Adventure,Ollivanders™ Experience in Hogsmeade™,15,True
2026-07-27 00:15:03,Islands of Adventure,Dudley Do-Right's Ripsaw Falls®,20,True
2026-07-27 00:15:03,Islands of Adventure,"Me Ship, The Olive®",0,False
2026-07-27 00:15:03,Islands of Adventure,Popeye & Bluto's Bilge-Rat Barges®,0,False
2026-07-27 00:15:03,Universal Studios Florida,Trolls Trollercoaster,15,True
2026-07-27 00:15:03,Universal Studios Florida,E.T. Adventure™,25,True
2026-07-27 00:15:03,Universal Studios Florida,Despicable Me Minion Mayhem™,25,True
2026-07-27 00:15:03,Universal Studios Florida,Illumination's Villain-Con Minion Blast,5,True
2026-07-27 00:15:03,Universal Studios Florida,Race Through New York Starring Jimmy Fallon™,25,True
2026-07-27 00:15:03,Universal Studios Florida,Revenge of the Mummy™,30,True
2026-07-27 00:15:03,Universal Studios Florida,Revenge of the Mummy™ Single Rider,0,True
2026-07-27 00:15:03,Universal Studios Florida,TRANSFORMERS™ The Ride-3D,20,True
2026-07-27 00:15:03,Universal Studios Florida,Fast & Furious - Supercharged™,0,True
2026-07-27 00:15:03,Universal Studios Florida,Fast & Furious - Supercharged™ Single Rider,0,True
2026-07-27 00:15:03,Universal Studios Florida,Harry Potter and the Escape from Gringotts™,40,True
2026-07-27 00:15:03,Universal Studios Florida,Harry Potter and the Escape from Gringotts™ Single Rider,0,True
2026-07-27 00:15:03,Universal Studios Florida,Hogwarts Express™ - King's Cross Station,30,True
2026-07-27 00:15:03,Universal Studios Florida,Hogwarts™ Express - First Train,0,False
2026-07-27 00:15:03,Universal Studios Florida,Hogwarts™ Express - Last Train,0,False
2026-07-27 00:15:03,Universal Studios Florida,Ollivanders™ Experience in Diagon Alley™,5,True
2026-07-27 00:15:03,Universal Studios Florida,Kang & Kodos' Twirl 'n' Hurl,0,False
2026-07-27 00:15:03,Universal Studios Florida,MEN IN BLACK™ Alien Attack!™,15,True
2026-07-27 00:15:03,Universal Studios Florida,MEN IN BLACK™ Alien Attack!™ Single Rider,0,True
2026-07-27 00:15:03,Universal Studios Florida,The Simpsons Ride™,25,True
2026-07-27 00:15:03,Epic Universe,Constellation Carousel,10,True
2026-07-27 00:15:03,Epic Universe,Stardust Racers,45,True
2026-07-27 00:15:03,Epic Universe,Stardust Racers Single Rider,0,False
2026-07-27 00:15:03,Epic Universe,Curse of the Werewolf,45,True
2026-07-27 00:15:03,Epic Universe,Curse of the Werewolf Single Rider,0,True
2026-07-27 00:15:03,Epic Universe,Monsters Unchained: The Frankenstein Experiment,10,True
2026-07-27 00:15:03,Epic Universe,Monsters Unchained: The Frankenstein Experiment Single Rider,0,True
2026-07-27 00:15:03,Epic Universe,Dragon Racer's Rally,30,True
2026-07-27 00:15:03,Epic Universe,Fyre Drill,15,True
2026-07-27 00:15:03,Epic Universe,Hiccup's Wing Gliders,35,True
2026-07-27 00:15:03,Epic Universe,Meet Toothless and Friends,45,True
2026-07-27 00:15:03,Epic Universe,Bowser Jr. Challenge,15,True
2026-07-27 00:15:03,Epic Universe,Mario Kart™: Bowser's Challenge,70,True
2026-07-27 00:15:03,Epic Universe,Mario Kart™: Bowser's Challenge Single Rider,0,True
2026-07-27 00:15:03,Epic Universe,Mine-Cart Madness™,90,True
2026-07-27 00:15:03,Epic Universe,Mine-Cart Madness™ Single Rider,0,True
2026-07-27 00:15:03,Epic Universe,Yoshi's Adventure™,45,True
2026-07-27 00:15:03,Epic Universe,Harry Potter and the Battle at the Ministry™,60,True
2026-07-27 00:15:03,Epic Universe,Harry Potter and the Battle at the Ministry™ Single Rider,0,True
2026-07-27 04:07:44,Islands of Adventure,Camp Jurassic™,0,False
2026-07-27 04:07:44,Islands of Adventure,Jurassic Park Discovery Center™,0,False
2026-07-27 04:07:44,Islands of Adventure,Jurassic Park River Adventure,0,False
2026-07-27 04:07:44,Islands of Adventure,Jurassic World VelociCoaster,0,False
2026-07-27 04:07:44,Islands of Adventure,Pteranodon Flyers,0,False
2026-07-27 04:07:44,Islands of Adventure,Skull Island: Reign of Kong™,0,False
2026-07-27 04:07:44,Islands of Adventure,Doctor Doom's Fearfall®,0,False
2026-07-27 04:07:44,Islands of Adventure,Doctor Doom's Fearfall® Single Rider,0,True
2026-07-27 04:07:44,Islands of Adventure,Storm Force Accelatron®,0,False
2026-07-27 04:07:44,Islands of Adventure,The Amazing Adventures of Spider-Man®,0,False
2026-07-27 04:07:44,Islands of Adventure,The Incredible Hulk Coaster®,0,False
2026-07-27 04:07:44,Islands of Adventure,The Incredible Hulk Coaster® Single Rider,0,True
2026-07-27 04:07:44,Islands of Adventure,Caro-Seuss-el™,0,False
2026-07-27 04:07:44,Islands of Adventure,If I Ran The Zoo™,0,False
2026-07-27 04:07:44,Islands of Adventure,"One Fish, Two Fish, Red Fish, Blue Fish™",0,False
2026-07-27 04:07:44,Islands of Adventure,The Cat in The Hat™,0,False
2026-07-27 04:07:44,Islands of Adventure,The High in the Sky Seuss Trolley Train Ride!™,0,False
2026-07-27 04:07:44,Islands of Adventure,Flight of the Hippogriff™,0,False
2026-07-27 04:07:44,Islands of Adventure,Hagrid's Magical Creatures Motorbike Adventure™,0,False
2026-07-27 04:07:44,Islands of Adventure,Harry Potter and the Forbidden Journey™,0,True
2026-07-27 04:07:44,Islands of Adventure,Harry Potter and the Forbidden Journey™ Single Rider,0,True
2026-07-27 04:07:44,Islands of Adventure,Hogwarts Express™ - Hogsmeade™ Station,0,False
2026-07-27 04:07:44,Islands of Adventure,Ollivanders™ Experience in Hogsmeade™,15,True
2026-07-27 04:07:44,Islands of Adventure,Dudley Do-Right's Ripsaw Falls®,0,False
2026-07-27 04:07:44,Islands of Adventure,"Me Ship, The Olive®",0,False
2026-07-27 04:07:44,Islands of Adventure,Popeye & Bluto's Bilge-Rat Barges®,0,False
2026-07-27 04:07:44,Universal Studios Florida,Trolls Trollercoaster,0,False
2026-07-27 04:07:44,Universal Studios Florida,E.T. Adventure™,0,False
2026-07-27 04:07:44,Universal Studios Florida,Despicable Me Minion Mayhem™,0,False
2026-07-27 04:07:44,Universal Studios Florida,Illumination's Villain-Con Minion Blast,0,False
2026-07-27 04:07:44,Universal Studios Florida,Race Through New York Starring Jimmy Fallon™,0,False
2026-07-27 04:07:44,Universal Studios Florida,Revenge of the Mummy™,0,False
2026-07-27 04:07:44,Universal Studios Florida,Revenge of the Mummy™ Single Rider,0,True
2026-07-27 04:07:44,Universal Studios Florida,TRANSFORMERS™ The Ride-3D,0,False
2026-07-27 04:07:44,Universal Studios Florida,Fast & Furious - Supercharged™,0,False
2026-07-27 04:07:44,Universal Studios Florida,Fast & Furious - Supercharged™ Single Rider,0,True
2026-07-27 04:07:44,Universal Studios Florida,Harry Potter and the Escape from Gringotts™,0,False
2026-07-27 04:07:44,Universal Studios Florida,Harry Potter and the Escape from Gringotts™ Single Rider,0,True
2026-07-27 04:07:44,Universal Studios Florida,Hogwarts Express™ - King's Cross Station,0,False
2026-07-27 04:07:44,Universal Studios Florida,Hogwarts™ Express - First Train,0,False
2026-07-27 04:07:44,Universal Studios Florida,Hogwarts™ Express - Last Train,0,False
2026-07-27 04:07:44,Universal Studios Florida,Ollivanders™ Experience in Diagon Alley™,5,True
2026-07-27 04:07:44,Universal Studios Florida,Kang & Kodos' Twirl 'n' Hurl,0,False
2026-07-27 04:07:44,Universal Studios Florida,MEN IN BLACK™ Alien Attack!™,0,False
2026-07-27 04:07:44,Universal Studios Florida,MEN IN BLACK™ Alien Attack!™ Single Rider,0,True
2026-07-27 04:07:44,Universal Studios Florida,The Simpsons Ride™,0,False
2026-07-27 04:07:44,Epic Universe,Constellation Carousel,0,False
2026-07-27 04:07:44,Epic Universe,Stardust Racers,0,False
2026-07-27 04:07:44,Epic Universe,Stardust Racers Single Rider,0,False
2026-07-27 04:07:44,Epic Universe,Curse of the Werewolf,0,False
2026-07-27 04:07:44,Epic Universe,Curse of the Werewolf Single Rider,0,True
2026-07-27 04:07:44,Epic Universe,Monsters Unchained: The Frankenstein Experiment,0,False
2026-07-27 04:07:44,Epic Universe,Monsters Unchained: The Frankenstein Experiment Single Rider,0,True
2026-07-27 04:07:44,Epic Universe,Dragon Racer's Rally,0,False
2026-07-27 04:07:44,Epic Universe,Fyre Drill,0,False
2026-07-27 04:07:44,Epic Universe,Hiccup's Wing Gliders,0,False
2026-07-27 04:07:44,Epic Universe,Meet Toothless and Friends,45,True
2026-07-27 04:07:44,Epic Universe,Bowser Jr. Challenge,0,False
2026-07-27 04:07:44,Epic Universe,Mario Kart™: Bowser's Challenge,0,False
2026-07-27 04:07:44,Epic Universe,Mario Kart™: Bowser's Challenge Single Rider,0,True
2026-07-27 04:07:44,Epic Universe,Mine-Cart Madness™,0,False
2026-07-27 04:07:44,Epic Universe,Mine-Cart Madness™ Single Rider,0,True
2026-07-27 04:07:44,Epic Universe,Yoshi's Adventure™,0,False
2026-07-27 04:07:44,Epic Universe,Harry Potter and the Battle at the Ministry™,0,False
2026-07-27 04:07:44,Epic Universe,Harry Potter and the Battle at the Ministry™ Single Rider,0,False
2026-07-27 07:51:58,Islands of Adventure,Camp Jurassic™,0,False
2026-07-27 07:51:58,Islands of Adventure,Jurassic Park Discovery Center™,0,False
2026-07-27 07:51:58,Islands of Adventure,Jurassic Park River Adventure,0,False
2026-07-27 07:51:58,Islands of Adventure,Jurassic World VelociCoaster,0,False
2026-07-27 07:51:58,Islands of Adventure,Pteranodon Flyers,0,False
2026-07-27 07:51:58,Islands of Adventure,Skull Island: Reign of Kong™,0,False
2026-07-27 07:51:58,Islands of Adventure,Doctor Doom's Fearfall®,0,False
2026-07-27 07:51:58,Islands of Adventure,Doctor Doom's Fearfall® Single Rider,0,True
2026-07-27 07:51:58,Islands of Adventure,Storm Force Accelatron®,0,False
2026-07-27 07:51:58,Islands of Adventure,The Amazing Adventures of Spider-Man®,0,False
2026-07-27 07:51:58,Islands of Adventure,The Incredible Hulk Coaster®,0,False
2026-07-27 07:51:58,Islands of Adventure,The Incredible Hulk Coaster® Single Rider,0,True
2026-07-27 07:51:58,Islands of Adventure,Caro-Seuss-el™,0,False
2026-07-27 07:51:58,Islands of Adventure,If I Ran The Zoo™,0,False
2026-07-27 07:51:58,Islands of Adventure,"One Fish, Two Fish, Red Fish, Blue Fish™",0,False
2026-07-27 07:51:58,Islands of Adventure,The Cat in The Hat™,0,False
2026-07-27 07:51:58,Islands of Adventure,The High in the Sky Seuss Trolley Train Ride!™,0,False
2026-07-27 07:51:58,Islands of Adventure,Flight of the Hippogriff™,0,False
2026-07-27 07:51:58,Islands of Adventure,Hagrid's Magical Creatures Motorbike Adventure™,0,False
2026-07-27 07:51:58,Islands of Adventure,Harry Potter and the Forbidden Journey™,0,True
2026-07-27 07:51:58,Islands of Adventure,Harry Potter and the Forbidden Journey™ Single Rider,0,True
2026-07-27 07:51:58,Islands of Adventure,Hogwarts Express™ - Hogsmeade™ Station,0,False
2026-07-27 07:51:58,Islands of Adventure,Ollivanders™ Experience in Hogsmeade™,15,True
2026-07-27 07:51:58,Islands of Adventure,Dudley Do-Right's Ripsaw Falls®,0,False
2026-07-27 07:51:58,Islands of Adventure,"Me Ship, The Olive®",0,False
2026-07-27 07:51:58,Islands of Adventure,Popeye & Bluto's Bilge-Rat Barges®,0,False
2026-07-27 07:51:58,Universal Studios Florida,Trolls Trollercoaster,0,False
2026-07-27 07:51:58,Universal Studios Florida,E.T. Adventure™,0,False
2026-07-27 07:51:58,Universal Studios Florida,Despicable Me Minion Mayhem™,0,False
2026-07-27 07:51:58,Universal Studios Florida,Illumination's Villain-Con Minion Blast,0,False
2026-07-27 07:51:58,Universal Studios Florida,Race Through New York Starring Jimmy Fallon™,0,False
2026-07-27 07:51:58,Universal Studios Florida,Revenge of the Mummy™,0,False
2026-07-27 07:51:58,Universal Studios Florida,Revenge of the Mummy™ Single Rider,0,True
2026-07-27 07:51:58,Universal Studios Florida,TRANSFORMERS™ The Ride-3D,0,False
2026-07-27 07:51:58,Universal Studios Florida,Fast & Furious - Supercharged™,0,False
2026-07-27 07:51:58,Universal Studios Florida,Fast & Furious - Supercharged™ Single Rider,0,True
2026-07-27 07:51:58,Universal Studios Florida,Harry Potter and the Escape from Gringotts™,0,False
2026-07-27 07:51:58,Universal Studios Florida,Harry Potter and the Escape from Gringotts™ Single Rider,0,True
2026-07-27 07:51:58,Universal Studios Florida,Hogwarts Express™ - King's Cross Station,0,False
2026-07-27 07:51:58,Universal Studios Florida,Hogwarts™ Express - First Train,0,False
2026-07-27 07:51:58,Universal Studios Florida,Hogwarts™ Express - Last Train,0,False
2026-07-27 07:51:58,Universal Studios Florida,Ollivanders™ Experience in Diagon Alley™,5,True
2026-07-27 07:51:58,Universal Studios Florida,Kang & Kodos' Twirl 'n' Hurl,0,False
2026-07-27 07:51:58,Universal Studios Florida,MEN IN BLACK™ Alien Attack!™,0,False
2026-07-27 07:51:58,Universal Studios Florida,MEN IN BLACK™ Alien Attack!™ Single Rider,0,True
2026-07-27 07:51:58,Universal Studios Florida,The Simpsons Ride™,0,False
2026-07-27 07:51:58,Epic Universe,Constellation Carousel,0,False
2026-07-27 07:51:58,Epic Universe,Stardust Racers,0,False
2026-07-27 07:51:58,Epic Universe,Stardust Racers Single Rider,0,False
2026-07-27 07:51:58,Epic Universe,Curse of the Werewolf,0,False
2026-07-27 07:51:58,Epic Universe,Curse of the Werewolf Single Rider,0,True
2026-07-27 07:51:58,Epic Universe,Monsters Unchained: The Frankenstein Experiment,0,False
2026-07-27 07:51:58,Epic Universe,Monsters Unchained: The Frankenstein Experiment Single Rider,0,True
2026-07-27 07:51:58,Epic Universe,Dragon Racer's Rally,0,False
2026-07-27 07:51:58,Epic Universe,Fyre Drill,0,False
2026-07-27 07:51:58,Epic Universe,Hiccup's Wing Gliders,0,False
2026-07-27 07:51:58,Epic Universe,Meet Toothless and Friends,45,True
2026-07-27 07:51:58,Epic Universe,Bowser Jr. Challenge,0,False
2026-07-27 07:51:58,Epic Universe,Mario Kart™: Bowser's Challenge,0,False
2026-07-27 07:51:58,Epic Universe,Mario Kart™: Bowser's Challenge Single Rider,0,True
2026-07-27 07:51:58,Epic Universe,Mine-Cart Madness™,0,False
2026-07-27 07:51:58,Epic Universe,Mine-Cart Madness™ Single Rider,0,True
2026-07-27 07:51:58,Epic Universe,Yoshi's Adventure™,0,False
2026-07-27 07:51:58,Epic Universe,Harry Potter and the Battle at the Ministry™,0,False
2026-07-27 07:51:58,Epic Universe,Harry Potter and the Battle at the Ministry™ Single Rider,0,False
2026-07-27 11:24:22,Islands of Adventure,Camp Jurassic™,0,False
2026-07-27 11:24:22,Islands of Adventure,Jurassic Park Discovery Center™,0,False
2026-07-27 11:24:22,Islands of Adventure,Jurassic Park River Adventure,0,False
2026-07-27 11:24:22,Islands of Adventure,Jurassic World VelociCoaster,0,False
2026-07-27 11:24:22,Islands of Adventure,Pteranodon Flyers,0,False
2026-07-27 11:24:22,Islands of Adventure,Skull Island: Reign of Kong™,0,False
2026-07-27 11:24:22,Islands of Adventure,Doctor Doom's Fearfall®,0,False
2026-07-27 11:24:22,Islands of Adventure,Doctor Doom's Fearfall® Single Rider,0,True
2026-07-27 11:24:22,Islands of Adventure,Storm Force Accelatron®,0,False
2026-07-27 11:24:22,Islands of Adventure,The Amazing Adventures of Spider-Man®,0,False
2026-07-27 11:24:22,Islands of Adventure,The Incredible Hulk Coaster®,0,False
2026-07-27 11:24:22,Islands of Adventure,The Incredible Hulk Coaster® Single Rider,0,True
2026-07-27 11:24:22,Islands of Adventure,Caro-Seuss-el™,0,False
2026-07-27 11:24:22,Islands of Adventure,If I Ran The Zoo™,0,False
2026-07-27 11:24:22,Islands of Adventure,"One Fish, Two Fish, Red Fish, Blue Fish™",0,False
2026-07-27 11:24:22,Islands of Adventure,The Cat in The Hat™,0,False
2026-07-27 11:24:22,Islands of Adventure,The High in the Sky Seuss Trolley Train Ride!™,0,False
2026-07-27 11:24:22,Islands of Adventure,Flight of the Hippogriff™,0,False
2026-07-27 11:24:22,Islands of Adventure,Hagrid's Magical Creatures Motorbike Adventure™,0,False
2026-07-27 11:24:22,Islands of Adventure,Harry Potter and the Forbidden Journey™,0,True
2026-07-27 11:24:22,Islands of Adventure,Harry Potter and the Forbidden Journey™ Single Rider,0,True
2026-07-27 11:24:22,Islands of Adventure,Hogwarts Express™ - Hogsmeade™ Station,0,False
2026-07-27 11:24:22,Islands of Adventure,Ollivanders™ Experience in Hogsmeade™,15,True
2026-07-27 11:24:22,Islands of Adventure,Dudley Do-Right's Ripsaw Falls®,0,False
2026-07-27 11:24:22,Islands of Adventure,"Me Ship, The Olive®",0,False
2026-07-27 11:24:22,Islands of Adventure,Popeye & Bluto's Bilge-Rat Barges®,0,False
2026-07-27 11:24:22,Universal Studios Florida,Trolls Trollercoaster,0,False
2026-07-27 11:24:22,Universal Studios Florida,E.T. Adventure™,0,False
2026-07-27 11:24:22,Universal Studios Florida,Despicable Me Minion Mayhem™,0,False
2026-07-27 11:24:22,Universal Studios Florida,Illumination's Villain-Con Minion Blast,0,False
2026-07-27 11:24:22,Universal Studios Florida,Race Through New York Starring Jimmy Fallon™,0,False
2026-07-27 11:24:22,Universal Studios Florida,Revenge of the Mummy™,0,False
2026-07-27 11:24:22,Universal Studios Florida,Revenge of the Mummy™ Single Rider,0,True
2026-07-27 11:24:22,Universal Studios Florida,TRANSFORMERS™ The Ride-3D,0,False
2026-07-27 11:24:22,Universal Studios Florida,Fast & Furious - Supercharged™,0,False
2026-07-27 11:24:22,Universal Studios Florida,Fast & Furious - Supercharged™ Single Rider,0,True
2026-07-27 11:24:22,Universal Studios Florida,Harry Potter and the Escape from Gringotts™,0,False
2026-07-27 11:24:22,Universal Studios Florida,Harry Potter and the Escape from Gringotts™ Single Rider,0,True
2026-07-27 11:24:22,Universal Studios Florida,Hogwarts Express™ - King's Cross Station,0,False
2026-07-27 11:24:22,Universal Studios Florida,Hogwarts™ Express - First Train,0,False
2026-07-27 11:24:22,Universal Studios Florida,Hogwarts™ Express - Last Train,0,False
2026-07-27 11:24:22,Universal Studios Florida,Ollivanders™ Experience in Diagon Alley™,5,True
2026-07-27 11:24:22,Universal Studios Florida,Kang & Kodos' Twirl 'n' Hurl,0,False
2026-07-27 11:24:22,Universal Studios Florida,MEN IN BLACK™ Alien Attack!™,0,False
2026-07-27 11:24:22,Universal Studios Florida,MEN IN BLACK™ Alien Attack!™ Single Rider,0,True
2026-07-27 11:24:22,Universal Studios Florida,The Simpsons Ride™,0,False
2026-07-27 11:24:22,Epic Universe,Constellation Carousel,0,False
2026-07-27 11:24:22,Epic Universe,Stardust Racers,0,False
2026-07-27 11:24:22,Epic Universe,Stardust Racers Single Rider,0,False
2026-07-27 11:24:22,Epic Universe,Curse of the Werewolf,0,False
2026-07-27 11:24:22,Epic Universe,Curse of the Werewolf Single Rider,0,True
2026-07-27 11:24:22,Epic Universe,Monsters Unchained: The Frankenstein Experiment,0,False
2026-07-27 11:24:22,Epic Universe,Monsters Unchained: The Frankenstein Experiment Single Rider,0,True
2026-07-27 11:24:22,Epic Universe,Dragon Racer's Rally,0,False
2026-07-27 11:24:22,Epic Universe,Fyre Drill,0,False
2026-07-27 11:24:22,Epic Universe,Hiccup's Wing Gliders,0,False
2026-07-27 11:24:22,Epic Universe,Meet Toothless and Friends,45,True
2026-07-27 11:24:22,Epic Universe,Bowser Jr. Challenge,0,False
2026-07-27 11:24:22,Epic Universe,Mario Kart™: Bowser's Challenge,0,False
2026-07-27 11:24:22,Epic Universe,Mario Kart™: Bowser's Challenge Single Rider,0,True
2026-07-27 11:24:22,Epic Universe,Mine-Cart Madness™,0,False
2026-07-27 11:24:22,Epic Universe,Mine-Cart Madness™ Single Rider,0,True
2026-07-27 11:24:22,Epic Universe,Yoshi's Adventure™,0,False
2026-07-27 11:24:22,Epic Universe,Harry Potter and the Battle at the Ministry™,0,False
2026-07-27 11:24:22,Epic Universe,Harry Potter and the Battle at the Ministry™ Single Rider,0,False
2026-07-27 13:54:04,Islands of Adventure,Camp Jurassic™,0,False
2026-07-27 13:54:04,Islands of Adventure,Jurassic Park Discovery Center™,0,False
2026-07-27 13:54:04,Islands of Adventure,Jurassic Park River Adventure,0,False
2026-07-27 13:54:04,Islands of Adventure,Jurassic World VelociCoaster,45,True
2026-07-27 13:54:04,Islands of Adventure,Pteranodon Flyers,25,True
2026-07-27 13:54:04,Islands of Adventure,Skull Island: Reign of Kong™,0,False
2026-07-27 13:54:04,Islands of Adventure,Doctor Doom's Fearfall®,5,True
2026-07-27 13:54:04,Islands of Adventure,Doctor Doom's Fearfall® Single Rider,0,True
2026-07-27 13:54:04,Islands of Adventure,Storm Force Accelatron®,5,True
2026-07-27 13:54:04,Islands of Adventure,The Amazing Adventures of Spider-Man®,25,True
2026-07-27 13:54:04,Islands of Adventure,The Incredible Hulk Coaster®,40,True
2026-07-27 13:54:04,Islands of Adventure,The Incredible Hulk Coaster® Single Rider,0,True
2026-07-27 13:54:04,Islands of Adventure,Caro-Seuss-el™,5,True
2026-07-27 13:54:04,Islands of Adventure,If I Ran The Zoo™,0,False
2026-07-27 13:54:04,Islands of Adventure,"One Fish, Two Fish, Red Fish, Blue Fish™",5,True
2026-07-27 13:54:04,Islands of Adventure,The Cat in The Hat™,5,True
2026-07-27 13:54:04,Islands of Adventure,The High in the Sky Seuss Trolley Train Ride!™,30,True
2026-07-27 13:54:04,Islands of Adventure,Flight of the Hippogriff™,70,True
2026-07-27 13:54:04,Islands of Adventure,Hagrid's Magical Creatures Motorbike Adventure™,90,True
2026-07-27 13:54:04,Islands of Adventure,Harry Potter and the Forbidden Journey™,15,True
2026-07-27 13:54:04,Islands of Adventure,Harry Potter and the Forbidden Journey™ Single Rider,0,True
2026-07-27 13:54:04,Islands of Adventure,Hogwarts Express™ - Hogsmeade™ Station,0,False
2026-07-27 13:54:04,Islands of Adventure,Ollivanders™ Experience in Hogsmeade™,40,True
2026-07-27 13:54:04,Islands of Adventure,Dudley Do-Right's Ripsaw Falls®,5,True
2026-07-27 13:54:04,Islands of Adventure,"Me Ship, The Olive®",0,False
2026-07-27 13:54:04,Islands of Adventure,Popeye & Bluto's Bilge-Rat Barges®,0,False
2026-07-27 13:54:04,Universal Studios Florida,Trolls Trollercoaster,0,False
2026-07-27 13:54:04,Universal Studios Florida,E.T. Adventure™,0,False
2026-07-27 13:54:04,Universal Studios Florida,Despicable Me Minion Mayhem™,0,False
2026-07-27 13:54:04,Universal Studios Florida,Illumination's Villain-Con Minion Blast,0,False
2026-07-27 13:54:04,Universal Studios Florida,Race Through New York Starring Jimmy Fallon™,0,False
2026-07-27 13:54:04,Universal Studios Florida,Revenge of the Mummy™,0,False
2026-07-27 13:54:04,Universal Studios Florida,Revenge of the Mummy™ Single Rider,0,True
2026-07-27 13:54:04,Universal Studios Florida,TRANSFORMERS™ The Ride-3D,0,False
2026-07-27 13:54:04,Universal Studios Florida,Fast & Furious - Supercharged™,0,False
2026-07-27 13:54:04,Universal Studios Florida,Fast & Furious - Supercharged™ Single Rider,0,True
2026-07-27 13:54:04,Universal Studios Florida,Harry Potter and the Escape from Gringotts™,0,False
2026-07-27 13:54:04,Universal Studios Florida,Harry Potter and the Escape from Gringotts™ Single Rider,0,True
2026-07-27 13:54:04,Universal Studios Florida,Hogwarts Express™ - King's Cross Station,0,False
2026-07-27 13:54:04,Universal Studios Florida,Hogwarts™ Express - First Train,0,False
2026-07-27 13:54:04,Universal Studios Florida,Hogwarts™ Express - Last Train,0,False
2026-07-27 13:54:04,Universal Studios Florida,Ollivanders™ Experience in Diagon Alley™,5,True
2026-07-27 13:54:04,Universal Studios Florida,Kang & Kodos' Twirl 'n' Hurl,0,False
2026-07-27 13:54:04,Universal Studios Florida,MEN IN BLACK™ Alien Attack!™,0,False
2026-07-27 13:54:04,Universal Studios Florida,MEN IN BLACK™ Alien Attack!™ Single Rider,0,True
2026-07-27 13:54:04,Universal Studios Florida,The Simpsons Ride™,0,False
2026-07-27 13:54:04,Epic Universe,Constellation Carousel,10,True
2026-07-27 13:54:04,Epic Universe,Stardust Racers,10,True
2026-07-27 13:54:04,Epic Universe,Stardust Racers Single Rider,0,False
2026-07-27 13:54:04,Epic Universe,Curse of the Werewolf,15,True
2026-07-27 13:54:04,Epic Universe,Curse of the Werewolf Single Rider,0,True
2026-07-27 13:54:04,Epic Universe,Monsters Unchained: The Frankenstein Experiment,10,True
2026-07-27 13:54:04,Epic Universe,Monsters Unchained: The Frankenstein Experiment Single Rider,0,True
2026-07-27 13:54:04,Epic Universe,Dragon Racer's Rally,20,True
2026-07-27 13:54:04,Epic Universe,Fyre Drill,15,True
2026-07-27 13:54:04,Epic Universe,Hiccup's Wing Gliders,25,True
2026-07-27 13:54:04,Epic Universe,Meet Toothless and Friends,45,True
2026-07-27 13:54:04,Epic Universe,Bowser Jr. Challenge,5,True
2026-07-27 13:54:04,Epic Universe,Mario Kart™: Bowser's Challenge,90,True
2026-07-27 13:54:04,Epic Universe,Mario Kart™: Bowser's Challenge Single Rider,0,True
2026-07-27 13:54:04,Epic Universe,Mine-Cart Madness™,105,True
2026-07-27 13:54:04,Epic Universe,Mine-Cart Madness™ Single Rider,0,True
2026-07-27 13:54:04,Epic Universe,Yoshi's Adventure™,20,True
2026-07-27 13:54:04,Epic Universe,Harry Potter and the Battle at the Ministry™,65,True
2026-07-27 13:54:04,Epic Universe,Harry Potter and the Battle at the Ministry™ Single Rider,0,True
2026-07-27 16:21:45,Islands of Adventure,Camp Jurassic™,0,False
2026-07-27 16:21:45,Islands of Adventure,Jurassic Park Discovery Center™,0,False
2026-07-27 16:21:45,Islands of Adventure,Jurassic Park River Adventure,0,False
2026-07-27 16:21:45,Islands of Adventure,Jurassic World VelociCoaster,75,True
2026-07-27 16:21:45,Islands of Adventure,Pteranodon Flyers,55,True
2026-07-27 16:21:45,Islands of Adventure,Skull Island: Reign of Kong™,75,True
2026-07-27 16:21:45,Islands of Adventure,Doctor Doom's Fearfall®,45,True
2026-07-27 16:21:45,Islands of Adventure,Doctor Doom's Fearfall® Single Rider,0,True
2026-07-27 16:21:45,Islands of Adventure,Storm Force Accelatron®,5,True
2026-07-27 16:21:45,Islands of Adventure,The Amazing Adventures of Spider-Man®,65,True
2026-07-27 16:21:45,Islands of Adventure,The Incredible Hulk Coaster®,65,True
2026-07-27 16:21:45,Islands of Adventure,The Incredible Hulk Coaster® Single Rider,0,True
2026-07-27 16:21:45,Islands of Adventure,Caro-Seuss-el™,5,True
2026-07-27 16:21:45,Islands of Adventure,If I Ran The Zoo™,0,False
2026-07-27 16:21:45,Islands of Adventure,"One Fish, Two Fish, Red Fish, Blue Fish™",20,True
2026-07-27 16:21:45,Islands of Adventure,The Cat in The Hat™,10,True
2026-07-27 16:21:45,Islands of Adventure,The High in the Sky Seuss Trolley Train Ride!™,10,True
2026-07-27 16:21:45,Islands of Adventure,Flight of the Hippogriff™,40,True
2026-07-27 16:21:45,Islands of Adventure,Hagrid's Magical Creatures Motorbike Adventure™,55,True
2026-07-27 16:21:45,Islands of Adventure,Harry Potter and the Forbidden Journey™,35,True
2026-07-27 16:21:45,Islands of Adventure,Harry Potter and the Forbidden Journey™ Single Rider,0,True
2026-07-27 16:21:45,Islands of Adventure,Hogwarts Express™ - Hogsmeade™ Station,10,True
2026-07-27 16:21:45,Islands of Adventure,Ollivanders™ Experience in Hogsmeade™,25,True
2026-07-27 16:21:45,Islands of Adventure,Dudley Do-Right's Ripsaw Falls®,45,True
2026-07-27 16:21:45,Islands of Adventure,"Me Ship, The Olive®",0,False
2026-07-27 16:21:45,Islands of Adventure,Popeye & Bluto's Bilge-Rat Barges®,5,True
2026-07-27 16:21:45,Universal Studios Florida,Trolls Trollercoaster,30,True
2026-07-27 16:21:45,Universal Studios Florida,E.T. Adventure™,0,False
2026-07-27 16:21:45,Universal Studios Florida,Despicable Me Minion Mayhem™,50,True
2026-07-27 16:21:45,Universal Studios Florida,Illumination's Villain-Con Minion Blast,25,True
2026-07-27 16:21:45,Universal Studios Florida,Race Through New York Starring Jimmy Fallon™,60,True
2026-07-27 16:21:45,Universal Studios Florida,Revenge of the Mummy™,50,True
2026-07-27 16:21:45,Universal Studios Florida,Revenge of the Mummy™ Single Rider,0,True
2026-07-27 16:21:45,Universal Studios Florida,TRANSFORMERS™ The Ride-3D,45,True
2026-07-27 16:21:45,Universal Studios Florida,Fast & Furious - Supercharged™,30,True
2026-07-27 16:21:45,Universal Studios Florida,Fast & Furious - Supercharged™ Single Rider,0,True
2026-07-27 16:21:45,Universal Studios Florida,Harry Potter and the Escape from Gringotts™,40,True
2026-07-27 16:21:45,Universal Studios Florida,Harry Potter and the Escape from Gringotts™ Single Rider,0,True
2026-07-27 16:21:45,Universal Studios Florida,Hogwarts Express™ - King's Cross Station,10,True
2026-07-27 16:21:45,Universal Studios Florida,Hogwarts™ Express - First Train,0,False
2026-07-27 16:21:45,Universal Studios Florida,Hogwarts™ Express - Last Train,0,False
2026-07-27 16:21:45,Universal Studios Florida,Ollivanders™ Experience in Diagon Alley™,5,True
2026-07-27 16:21:45,Universal Studios Florida,Kang & Kodos' Twirl 'n' Hurl,10,True
2026-07-27 16:21:45,Universal Studios Florida,MEN IN BLACK™ Alien Attack!™,15,True
2026-07-27 16:21:45,Universal Studios Florida,MEN IN BLACK™ Alien Attack!™ Single Rider,0,True
2026-07-27 16:21:45,Universal Studios Florida,The Simpsons Ride™,45,True
2026-07-27 16:21:45,Epic Universe,Constellation Carousel,15,True
2026-07-27 16:21:45,Epic Universe,Stardust Racers,45,True
2026-07-27 16:21:45,Epic Universe,Stardust Racers Single Rider,0,False
2026-07-27 16:21:45,Epic Universe,Curse of the Werewolf,45,True
2026-07-27 16:21:45,Epic Universe,Curse of the Werewolf Single Rider,0,True
2026-07-27 16:21:45,Epic Universe,Monsters Unchained: The Frankenstein Experiment,15,True
2026-07-27 16:21:45,Epic Universe,Monsters Unchained: The Frankenstein Experiment Single Rider,0,True
2026-07-27 16:21:45,Epic Universe,Dragon Racer's Rally,40,True
2026-07-27 16:21:45,Epic Universe,Fyre Drill,0,False
2026-07-27 16:21:45,Epic Universe,Hiccup's Wing Gliders,50,True
2026-07-27 16:21:45,Epic Universe,Meet Toothless and Friends,80,True
2026-07-27 16:21:45,Epic Universe,Bowser Jr. Challenge,15,True
2026-07-27 16:21:45,Epic Universe,Mario Kart™: Bowser's Challenge,105,True
2026-07-27 16:21:45,Epic Universe,Mario Kart™: Bowser's Challenge Single Rider,0,True
2026-07-27 16:21:45,Epic Universe,Mine-Cart Madness™,120,True
2026-07-27 16:21:45,Epic Universe,Mine-Cart Madness™ Single Rider,0,True
2026-07-27 16:21:45,Epic Universe,Yoshi's Adventure™,60,True
2026-07-27 16:21:45,Epic Universe,Harry Potter and the Battle at the Ministry™,75,True
2026-07-27 16:21:45,Epic Universe,Harry Potter and the Battle at the Ministry™ Single Rider,0,True
2026-07-27 18:05:41,Islands of Adventure,Camp Jurassic™,0,False
2026-07-27 18:05:41,Islands of Adventure,Jurassic Park Discovery Center™,0,False
2026-07-27 18:05:41,Islands of Adventure,Jurassic Park River Adventure,0,False
2026-07-27 18:05:41,Islands of Adventure,Jurassic World VelociCoaster,40,True
2026-07-27 18:05:41,Islands of Adventure,Pteranodon Flyers,30,True
2026-07-27 18:05:41,Islands of Adventure,Skull Island: Reign of Kong™,70,True
2026-07-27 18:05:41,Islands of Adventure,Doctor Doom's Fearfall®,45,True
2026-07-27 18:05:41,Islands of Adventure,Doctor Doom's Fearfall® Single Rider,0,True
2026-07-27 18:05:41,Islands of Adventure,Storm Force Accelatron®,5,True
2026-07-27 18:05:41,Islands of Adventure,The Amazing Adventures of Spider-Man®,60,True
2026-07-27 18:05:41,Islands of Adventure,The Incredible Hulk Coaster®,35,True
2026-07-27 18:05:41,Islands of Adventure,The Incredible Hulk Coaster® Single Rider,0,True
2026-07-27 18:05:41,Islands of Adventure,Caro-Seuss-el™,5,True
2026-07-27 18:05:41,Islands of Adventure,If I Ran The Zoo™,0,False
2026-07-27 18:05:41,Islands of Adventure,"One Fish, Two Fish, Red Fish, Blue Fish™",35,True
2026-07-27 18:05:41,Islands of Adventure,The Cat in The Hat™,20,True
2026-07-27 18:05:41,Islands of Adventure,The High in the Sky Seuss Trolley Train Ride!™,10,True
2026-07-27 18:05:41,Islands of Adventure,Flight of the Hippogriff™,65,True
2026-07-27 18:05:41,Islands of Adventure,Hagrid's Magical Creatures Motorbike Adventure™,75,True
2026-07-27 18:05:41,Islands of Adventure,Harry Potter and the Forbidden Journey™,25,True
2026-07-27 18:05:41,Islands of Adventure,Harry Potter and the Forbidden Journey™ Single Rider,0,True
2026-07-27 18:05:41,Islands of Adventure,Hogwarts Express™ - Hogsmeade™ Station,40,True
2026-07-27 18:05:41,Islands of Adventure,Ollivanders™ Experience in Hogsmeade™,15,True
2026-07-27 18:05:41,Islands of Adventure,Dudley Do-Right's Ripsaw Falls®,75,True
2026-07-27 18:05:41,Islands of Adventure,"Me Ship, The Olive®",0,False
2026-07-27 18:05:41,Islands of Adventure,Popeye & Bluto's Bilge-Rat Barges®,15,True
2026-07-27 18:05:41,Universal Studios Florida,Trolls Trollercoaster,25,True
2026-07-27 18:05:41,Universal Studios Florida,E.T. Adventure™,30,True
2026-07-27 18:05:41,Universal Studios Florida,Despicable Me Minion Mayhem™,45,True
2026-07-27 18:05:41,Universal Studios Florida,Illumination's Villain-Con Minion Blast,0,False
2026-07-27 18:05:41,Universal Studios Florida,Race Through New York Starring Jimmy Fallon™,15,True
2026-07-27 18:05:41,Universal Studios Florida,Revenge of the Mummy™,45,True
2026-07-27 18:05:41,Universal Studios Florida,Revenge of the Mummy™ Single Rider,0,True
2026-07-27 18:05:41,Universal Studios Florida,TRANSFORMERS™ The Ride-3D,65,True
2026-07-27 18:05:41,Universal Studios Florida,Fast & Furious - Supercharged™,45,True
2026-07-27 18:05:41,Universal Studios Florida,Fast & Furious - Supercharged™ Single Rider,0,True
2026-07-27 18:05:41,Universal Studios Florida,Harry Potter and the Escape from Gringotts™,65,True
2026-07-27 18:05:41,Universal Studios Florida,Harry Potter and the Escape from Gringotts™ Single Rider,0,True
2026-07-27 18:05:41,Universal Studios Florida,Hogwarts Express™ - King's Cross Station,15,True
2026-07-27 18:05:41,Universal Studios Florida,Hogwarts™ Express - First Train,0,False
2026-07-27 18:05:41,Universal Studios Florida,Hogwarts™ Express - Last Train,0,False
2026-07-27 18:05:41,Universal Studios Florida,Ollivanders™ Experience in Diagon Alley™,5,True
2026-07-27 18:05:41,Universal Studios Florida,Kang & Kodos' Twirl 'n' Hurl,25,True
2026-07-27 18:05:41,Universal Studios Florida,MEN IN BLACK™ Alien Attack!™,35,True
2026-07-27 18:05:41,Universal Studios Florida,MEN IN BLACK™ Alien Attack!™ Single Rider,0,True
2026-07-27 18:05:41,Universal Studios Florida,The Simpsons Ride™,50,True
2026-07-27 18:05:41,Epic Universe,Constellation Carousel,30,True
2026-07-27 18:05:41,Epic Universe,Stardust Racers,45,True
2026-07-27 18:05:41,Epic Universe,Stardust Racers Single Rider,0,False
2026-07-27 18:05:41,Epic Universe,Curse of the Werewolf,0,False
2026-07-27 18:05:41,Epic Universe,Curse of the Werewolf Single Rider,0,True
2026-07-27 18:05:41,Epic Universe,Monsters Unchained: The Frankenstein Experiment,25,True
2026-07-27 18:05:41,Epic Universe,Monsters Unchained: The Frankenstein Experiment Single Rider,0,True
2026-07-27 18:05:41,Epic Universe,Dragon Racer's Rally,50,True
2026-07-27 18:05:41,Epic Universe,Fyre Drill,0,False
2026-07-27 18:05:41,Epic Universe,Hiccup's Wing Gliders,60,True
2026-07-27 18:05:41,Epic Universe,Meet Toothless and Friends,80,True
2026-07-27 18:05:41,Epic Universe,Bowser Jr. Challenge,20,True
2026-07-27 18:05:41,Epic Universe,Mario Kart™: Bowser's Challenge,0,False
2026-07-27 18:05:41,Epic Universe,Mario Kart™: Bowser's Challenge Single Rider,0,False
2026-07-27 18:05:41,Epic Universe,Mine-Cart Madness™,145,True
2026-07-27 18:05:41,Epic Universe,Mine-Cart Madness™ Single Rider,0,True
2026-07-27 18:05:41,Epic Universe,Yoshi's Adventure™,40,True
2026-07-27 18:05:41,Epic Universe,Harry Potter and the Battle at the Ministry™,105,True
2026-07-27 18:05:41,Epic Universe,Harry Potter and the Battle at the Ministry™ Single Rider,0,True
